{"stats":{"minecraft:custom":{"minecraft:time_since_rest":391,"minecraft:damage_taken":625,"minecraft:crouch_one_cm":118,"minecraft:play_time":15032,"minecraft:sprint_one_cm":34005,"minecraft:walk_one_cm":34076,"minecraft:deaths":2,"minecraft:sneak_time":37,"minecraft:walk_under_water_one_cm":801,"minecraft:mob_kills":6,"minecraft:jump":343,"minecraft:damage_dealt":885,"minecraft:leave_game":9,"minecraft:time_since_death":362,"minecraft:walk_on_water_one_cm":4729,"minecraft:total_world_time":15032,"minecraft:climb_one_cm":2444,"minecraft:fly_one_cm":45127,"minecraft:fall_one_cm":7699},"minecraft:killed_by":{"minecraft:zombie":2},"minecraft:mined":{"minecraft:grass":6,"minecraft:grass_block":7,"minecraft:oak_log":3,"minecraft:vine":1,"minecraft:dead_bush":1,"minecraft:dirt":2,"minecraft:lily_pad":1,"minecraft:oak_leaves":16},"minecraft:picked_up":{"minecraft:leather":1,"minecraft:beef":3,"minecraft:porkchop":2,"minecraft:oak_log":3,"minecraft:lily_pad":1,"minecraft:oak_sapling":1,"minecraft:mutton":1,"minecraft:dirt":8,"minecraft:white_wool":2},"minecraft:crafted":{"minecraft:oak_planks":8},"minecraft:killed":{"minecraft:sheep":2,"minecraft:zombie":1,"minecraft:pig":1,"minecraft:cow":1},"minecraft:used":{"minecraft:oak_log":1,"minecraft:dirt":4,"minecraft:beef":2}},"DataVersion":3120}